table,model,model_internal,variable,estimate,std_error,z_stat,p_value,signif,ci_low_95,ci_high_95
headline,(1) Baseline any P6 DLR,m_baseline,dlr_any,-0.10260420647613382,0.045329171684672105,-2.2635358790557616,0.02360267546560588,**,-0.19144775042712392,-0.0137606625251437
headline,(2) Count of active P6 regulations,m_count,dlr_any_count,-0.06443811658704553,0.033760379051475144,-1.9086905537640857,0.05630202246321206,*,-0.13060724363235732,0.0017310104582662494
headline,(3) Forward lead (placebo),m_lead,dlr_any,-0.04680919112680599,0.04827285707254653,-0.9696793180577467,0.332206362603127,,-0.1414222524198468,0.04780387016623481
headline,(3) Forward lead (placebo),m_lead,dlr_any_lead2,-0.05132913085011039,0.06200547074658109,-0.8278161625430547,0.40777461996270614,,-0.1728576203578612,0.0701993586576404
headline,(4) DLR x Exporter digital share,m_digital,dlr_any:exp_digital_share_c,-0.39013653893080924,0.5250167262447715,-0.7430935424120586,0.4574250489897968,,-1.419150413651686,0.6388773357900676
headline,(5) DLR x Digital product,m_product,dlr_any,-0.10166879616209082,0.07075180833712082,-1.4369780582519616,0.15072422825030482,,-0.24033979234392833,0.03700220001974669
headline,(5) DLR x Digital product,m_product,dlr_any:is_digital,-0.0015556681668339456,0.08068486026515251,-0.01928079396458759,0.984617105277535,,-0.1596950883841797,0.1565837520505118
headline,(6) DLR + trade policy controls,m_with_policy,dlr_any,-0.10275058966383746,0.04532062166383702,-2.2671928559582386,0.023378447061594483,**,-0.19157737588192375,-0.013923803445751184
headline,(6) DLR + trade policy controls,m_with_policy,both_wto,-0.27742707135348904,0.1350774323691171,-2.0538373175126883,0.039991439784413683,**,-0.5421739739211033,-0.01268016878587469
headline,(6) DLR + trade policy controls,m_with_policy,both_eu,0.002891286325969822,0.053381500632144224,0.054162702279463536,0.956805536312653,,-0.10173453235373496,0.10751710500567462
headline,(6) DLR + trade policy controls,m_with_policy,rta_services,-0.0866634508658677,0.03438057013166914,-2.5207101142874584,0.011711829249846675,**,-0.15404813009189272,-0.019278771639842693
extensions,(7) Event study (leads/lags),m_event,ev_pre,-0.020873350263664284,0.08669852534291517,-0.24075784658510357,0.8097428022300939,,-0.19079933744851113,0.14905263692118254
extensions,(7) Event study (leads/lags),m_event,ev_neg2,-0.04963657208876813,0.052036111084324384,-0.9538870421798469,0.3401408232276889,,-0.15162547570956939,0.052352331532033135
extensions,(7) Event study (leads/lags),m_event,ev_0,-0.07126525457271472,0.04488844854726174,-1.5876078786211916,0.11237503553305118,,-0.15924499704722703,0.01671448790179758
extensions,(7) Event study (leads/lags),m_event,ev_pos1,-0.19520910035756167,0.05325182123820515,-3.665773222747737,2.465923768365243e-4,***,-0.29958075209560886,-0.09083744861951445
extensions,(7) Event study (leads/lags),m_event,ev_pos2,-0.15035776919048596,0.060304649473685565,-2.493303095246343,0.01265607590264148,**,-0.26855271025922195,-0.03216282812174996
extensions,(7) Event study (leads/lags),m_event,ev_post,-0.09115099412655861,0.07069978963213773,-1.2892682510207139,0.19730484456249403,,-0.22972003552010684,0.047418047266989616
extensions,(8) DLR x High-data Telecom,m_high_data,dlr_any,-0.10166879616209082,0.07075180833712082,-1.4369780582519616,0.15072422825030482,,-0.24033979234392833,0.03700220001974669
extensions,(8) DLR x High-data Telecom,m_high_data,dlr_any:is_high_data,-0.0015556681668339456,0.08068486026515251,-0.01928079396458759,0.984617105277535,,-0.1596950883841797,0.1565837520505118
heterogeneity,(9a) Baseline on high-income exporters,m_inc_high,dlr_any,-0.10436142290180472,0.04984138655253576,-2.0938707792930606,0.0362714929158045,**,-0.20204874548431376,-0.006674100319295689
heterogeneity,(9b) Baseline on middle/lower-income exporters,m_inc_low,dlr_any,-0.1057852731023387,0.11322656148748467,-0.9342796576405045,0.3501596547828324,,-0.3277052557111185,0.11613470950644111
heterogeneity,(9) DLR x exporter income (interacted),m_income_int,dlr_any,-0.1696930020091701,0.07945976298613097,-2.135584044452644,0.03271333308897743,**,-0.32543127568207564,-0.013954728336264571
heterogeneity,(9) DLR x exporter income (interacted),m_income_int,dlr_any:is_high_inc,0.07722764673179816,0.0838179625793854,0.9213734664410933,0.3568554767923434,,-0.08705254118132316,0.24150783464491948
classic,Spec A: Tinbergen (year FE),m_spec_a,log_gdp_o,0.8726963298653732,0.04105440668588213,21.25706837131025,2.835872523609962e-100,***,0.7922311713543838,0.9531614883763625
classic,Spec A: Tinbergen (year FE),m_spec_a,log_gdp_d,0.6983836613754211,0.0423895367528375,16.47537847482309,5.5142385362605866e-61,***,0.6153016960185227,0.7814656267323195
classic,Spec A: Tinbergen (year FE),m_spec_a,log_dist,-0.36117682238766946,0.08817487261092789,-4.096142264717117,4.200918306558935e-5,***,-0.5339963970464954,-0.18835724772884357
classic,Spec A: Tinbergen (year FE),m_spec_a,contig,-0.32925648535373014,0.2543067184209723,-1.294721930266459,0.1954161718922333,,-0.8276884944854044,0.16917552377794415
classic,Spec A: Tinbergen (year FE),m_spec_a,comlang_off,1.0197837498714497,0.27945120503515647,3.6492372603766565,2.63020097451879e-4,***,0.4720694525662249,1.5674980471766746
classic,Spec A: Tinbergen (year FE),m_spec_a,col45,0.33284726242674156,0.33225615052881635,1.0017790848927384,0.31645030081351466,,-0.3183628262516571,0.9840573511051403
classic,Spec A: Tinbergen (year FE),m_spec_a,both_wto,0.8769202660857854,0.22293832100513533,3.9334658219911227,8.372974925174863e-5,***,0.43996918614189084,1.31387134602968
classic,Spec A: Tinbergen (year FE),m_spec_a,both_eu,0.5308509892545767,0.18862474932586618,2.8143230999739277,0.004888007217106679,***,0.1611532739829833,0.9005487045261702
classic,Spec A: Tinbergen (year FE),m_spec_a,rta_services,-0.3746558021393746,0.14015309428954023,-2.673189657628098,0.007513375929949956,***,-0.6493508192687197,-0.09996078501002947
classic,Spec A: Tinbergen (year FE),m_spec_a,log_sci,0.2723812322849044,0.05761538489193354,4.727578107753633,2.2721367128099117e-6,***,0.15945715294130153,0.3853053116285073
classic,Spec B: AvW 2003 (imp-time + exp-time FE),m_spec_b,log_dist,-0.2981848817155671,0.07015746398960136,-4.250223208748874,2.1355759216671252e-5,***,-0.4356909843818515,-0.1606787790492827
classic,Spec B: AvW 2003 (imp-time + exp-time FE),m_spec_b,contig,-0.08391956332859268,0.16804137033113944,-0.49939823249014353,0.617498864128452,,-0.4132745970903835,0.24543547043319813
classic,Spec B: AvW 2003 (imp-time + exp-time FE),m_spec_b,comlang_off,0.20055572286505763,0.18111517948071093,1.1073380124188716,0.26814781542002697,,-0.15442350597064353,0.5555349517007588
classic,Spec B: AvW 2003 (imp-time + exp-time FE),m_spec_b,col45,0.06422853351581137,0.13481103884737805,0.47643378513332,0.6337653700460153,,-0.19999624734347965,0.3284533143751024
classic,Spec B: AvW 2003 (imp-time + exp-time FE),m_spec_b,both_wto,0.10876626679656909,0.45507094398914044,0.2390094736506944,0.8110982367011785,,-0.7831563938327901,1.0006889274259283
classic,Spec B: AvW 2003 (imp-time + exp-time FE),m_spec_b,both_eu,0.24050956022739178,0.19335618381950284,1.2438679512412514,0.21354816635480034,,-0.13846159624694004,0.6194807167017236
classic,Spec B: AvW 2003 (imp-time + exp-time FE),m_spec_b,rta_services,0.3469202800530078,0.12217014047109143,2.8396486957882967,0.004516324080067847,***,0.10747120474346938,0.5863693553625462
classic,Spec B: AvW 2003 (imp-time + exp-time FE),m_spec_b,log_sci,0.3278086587875144,0.06017924586279341,5.447204498622445,5.1167623399499424e-8,***,0.2098595042796583,0.44575781329537056
classic,Spec C: ALY 2018 (+ pair FE),m_spec_c,both_wto,0.018900725020666746,0.2584134624105792,0.07314141006568924,0.9416935894176746,,-0.4875803544243634,0.5253818044656969
classic,Spec C: ALY 2018 (+ pair FE),m_spec_c,both_eu,0.17334315096010405,0.15053743905458908,1.1514952828262541,0.24952853478218884,,-0.12170480791178384,0.46839110983199195
classic,Spec C: ALY 2018 (+ pair FE),m_spec_c,rta_services,-0.07557891487115813,0.07023189026797418,-1.076133855756723,0.2818673962270182,,-0.2132308903625566,0.06207306062024036
