model,model_internal,variable,estimate,std_error,z_stat,p_value,stars,ci_low_95,ci_high_95
(10) LPM baseline,m_lpm_baseline,dlr_any,-0.004797997,0.001559696,-3.076238979,0.00211521,***,-0.007855001,-0.001740993
(11) LPM x Digital product,m_lpm_digital,dlr_any,-7.33E-04,8.09E-04,-0.906315082,0.364841915,,-0.002318997,8.52E-04
(11) LPM x Digital product,m_lpm_digital,dlr_any:is_digital,-0.005870077,0.002228682,-2.633877935,0.008484957,***,-0.010238295,-0.00150186
(12) LPM + trade policy controls,m_lpm_policy,dlr_any,-0.004803167,0.001559849,-3.079250993,0.002094204,***,-0.007860471,-0.001745863
(12) LPM + trade policy controls,m_lpm_policy,both_wto,-0.005678195,0.006861295,-0.827569023,0.40798115,,-0.019126334,0.007769943
(12) LPM + trade policy controls,m_lpm_policy,both_eu,6.74E-04,0.001046667,0.643664024,0.519843055,,-0.001377766,0.00272517
(12) LPM + trade policy controls,m_lpm_policy,rta_services,0.001422746,7.23E-04,1.968461027,0.049107945,**,6.12E-06,0.002839376
(13) Probit (pooled),m_probit,(Intercept),11.40799023,0.938780291,12.15192771,5.60E-34,***,9.567980861,13.2479996
(13) Probit (pooled),m_probit,dlr_any,3.381453196,0.311164011,10.86710889,1.65E-27,***,2.771571733,3.991334658
(13) Probit (pooled),m_probit,log_gdp_o,0.288247823,0.016026608,17.98557922,2.53E-72,***,0.256835672,0.319659974
(13) Probit (pooled),m_probit,log_gdp_d,-0.705413459,0.026579168,-26.54008765,3.34E-155,***,-0.757508629,-0.653318289
(13) Probit (pooled),m_probit,log_dist,-0.17980809,0.039885538,-4.508102375,6.54E-06,***,-0.257983745,-0.101632435
(13) Probit (pooled),m_probit,contig,-0.051312197,0.135288451,-0.379279955,0.704479983,,-0.316477561,0.213853166
(13) Probit (pooled),m_probit,comlang_off,0.066895293,0.104295286,0.641402837,0.52126099,,-0.137523469,0.271314054
(13) Probit (pooled),m_probit,col45,0.153209908,0.186070571,0.823396778,0.410282395,,-0.21148841,0.517908226
(13) Probit (pooled),m_probit,both_wto,3.150778513,0.147174307,21.40848211,1.11E-101,***,2.862316872,3.439240154
(13) Probit (pooled),m_probit,both_eu,0.866078115,0.095505699,9.068339627,1.21E-19,***,0.678886945,1.053269284
(13) Probit (pooled),m_probit,rta_services,-0.135350306,0.05647989,-2.39643359,0.016555493,**,-0.24605089,-0.024649721
(13) Probit (pooled),m_probit,log_sci,0.174612096,0.028419867,6.144015216,8.05E-10,***,0.118909156,0.230315036
(14) Logit (sensitivity),m_logit,(Intercept),30.65462758,2.306104303,13.29281921,2.55E-40,***,26.13466315,35.17459202
(14) Logit (sensitivity),m_logit,dlr_any,6.512694893,1.009611494,6.450694088,1.11E-10,***,4.533856366,8.491533421
(14) Logit (sensitivity),m_logit,log_gdp_o,0.553678576,0.028638335,19.33347627,2.81E-83,***,0.497547439,0.609809713
(14) Logit (sensitivity),m_logit,log_gdp_d,-1.631128927,0.061626664,-26.46790879,2.27E-154,***,-1.751917189,-1.510340665
(14) Logit (sensitivity),m_logit,log_dist,-0.344985992,0.08471545,-4.072291312,4.66E-05,***,-0.511028274,-0.178943709
(14) Logit (sensitivity),m_logit,contig,-0.066148641,0.368591813,-0.179463133,0.857574063,,-0.788588594,0.656291311
(14) Logit (sensitivity),m_logit,comlang_off,0.195102769,0.197508026,0.987821977,0.323239843,,-0.192012963,0.5822185
(14) Logit (sensitivity),m_logit,col45,0.21695446,0.370668104,0.585306524,0.558341629,,-0.509555025,0.943463944
(14) Logit (sensitivity),m_logit,both_wto,7.37744324,0.360672711,20.45467541,5.46E-93,***,6.670524726,8.084361754
(14) Logit (sensitivity),m_logit,both_eu,2.351376542,0.204503489,11.49797764,1.35E-30,***,1.950549704,2.752203381
(14) Logit (sensitivity),m_logit,rta_services,-0.189995606,0.100267379,-1.894889524,0.058107039,*,-0.386519669,0.006528457
(14) Logit (sensitivity),m_logit,log_sci,0.342565456,0.061305445,5.587847186,2.30E-08,***,0.222406785,0.462724128
