importer,exporter,bpm6,year,fitted,resid
Ireland,USA,IP_charges,2024,104923414090.08937,51734921788.010635
Ireland,USA,Other_business_services,2022,15323668503.57854,40344694272.741455
Ireland,USA,Other_business_services,2020,11344548759.008244,38979469210.891754
Ireland,USA,Other_business_services,2024,40862783212.13892,-38703434194.43893
Ireland,USA,Other_business_services,2023,15848764066.820787,37909749182.33922
Canada,USA,Transport,2008,14877262278.102098,36461019323.33691
USA,United Kingdom,Transport,2008,8723048997.390469,36332951002.60953
Canada,USA,Transport,2009,13010091083.805023,34577148451.62498
Japan,USA,Transport,2007,12182535224.898405,34086901497.70159
Japan,USA,Transport,2009,10383265930.725986,33289365820.274014
USA,United Kingdom,Transport,2007,8723066315.39744,33182933684.602562
Japan,USA,Transport,2006,11270344680.141253,32800583042.85875
Canada,USA,Transport,2007,13962282592.979954,32718695808.300045
Japan,USA,Transport,2008,11283664994.218391,32493524952.78161
USA,United Kingdom,Transport,2009,7340382188.006682,31701617811.993317
Ireland,USA,Other_business_services,2021,13415955064.538986,31271522068.191017
USA,United Kingdom,Transport,2006,8082982820.118297,31012017179.881702
Ireland,USA,Transport,2009,3231618745.3352695,30914923054.66473
Ireland,USA,Other_business_services,2016,6903257550.952759,30464680826.04724
United Kingdom,USA,Transport,2007,4340571454.925394,30305427173.574608
